assembly_accession	bioproject	biosample	wgs_master	excluded_from_refseq	refseq_category	relation_to_type_material	taxid	species_taxid	organism_name	infraspecific_name	isolate	version_status	assembly_level	release_type	genome_rep	seq_rel_date	asm_name	submitter	gbrs_paired_asm	paired_asm_comp	ftp_path	local_filename
GCF_000783935.2	PRJNA224116	SAMN02934513	na	na	reference genome	na	575	575	Raoultella planticola	strain=FDAARGOS_64	na	latest	Complete Genome	Major	Full	2018-01-30	ASM78393v2		GCA_000783935.2	identical	https://ftp.ncbi.nlm.nih.gov/genomes/all/GCF/000/783/935/GCF_000783935.2_ASM78393v2	./Raoultella/GCF_000783935.2_ASM78393v2_genomic.fna.gz
GCF_008694045.1	PRJNA224116	SAMN12780943	na	na	na	na	575	575	Raoultella planticola	strain=S25	na	latest	Complete Genome	Major	Full	2019-09-25	ASM869404v1		GCA_008694045.1	identical	https://ftp.ncbi.nlm.nih.gov/genomes/all/GCF/008/694/045/GCF_008694045.1_ASM869404v1	./Raoultella/GCF_008694045.1_ASM869404v1_genomic.fna.gz
GCF_011290675.2	PRJNA224116	SAMN14258342	na	na	na	na	575	575	Raoultella planticola	strain=HH15	na	latest	Complete Genome	Major	Full	2021-02-22	ASM1129067v2		GCA_011290675.2	identical	https://ftp.ncbi.nlm.nih.gov/genomes/all/GCF/011/290/675/GCF_011290675.2_ASM1129067v2	./Raoultella/GCF_011290675.2_ASM1129067v2_genomic.fna.gz
GCF_013462275.1	PRJNA224116	SAMN11603266	na	na	na	na	575	575	Raoultella planticola	strain=Rp_CZ180511	na	latest	Complete Genome	Major	Full	2020-07-22	ASM1346227v1		GCA_013462275.1	identical	https://ftp.ncbi.nlm.nih.gov/genomes/all/GCF/013/462/275/GCF_013462275.1_ASM1346227v1	./Raoultella/GCF_013462275.1_ASM1346227v1_genomic.fna.gz
GCF_019856295.1	PRJNA224116	SAMN20966583	na	na	na	na	575	575	Raoultella planticola	strain=SCLZS62	na	latest	Complete Genome	Major	Full	2021-09-02	ASM1985629v1		GCA_019856295.1	identical	https://ftp.ncbi.nlm.nih.gov/genomes/all/GCF/019/856/295/GCF_019856295.1_ASM1985629v1	./Raoultella/GCF_019856295.1_ASM1985629v1_genomic.fna.gz
GCF_019968885.1	PRJNA224116	SAMN18916998	na	na	na	na	575	575	Raoultella planticola	strain=JBIWA001	na	latest	Complete Genome	Major	Full	2021-09-14	ASM1996888v1		GCA_019968885.1	identical	https://ftp.ncbi.nlm.nih.gov/genomes/all/GCF/019/968/885/GCF_019968885.1_ASM1996888v1	./Raoultella/GCF_019968885.1_ASM1996888v1_genomic.fna.gz
GCF_022637595.1	PRJNA224116	SAMN26520703	na	na	na	na	575	575	Raoultella planticola	strain=A2-F21	na	latest	Complete Genome	Major	Full	2022-03-21	ASM2263759v1		GCA_022637595.1	identical	https://ftp.ncbi.nlm.nih.gov/genomes/all/GCF/022/637/595/GCF_022637595.1_ASM2263759v1	./Raoultella/GCF_022637595.1_ASM2263759v1_genomic.fna.gz
GCF_029635815.1	PRJNA224116	SAMN32289991	na	na	na	na	575	575	Raoultella planticola	strain=RP_3045	na	latest	Complete Genome	Major	Full	2023-04-10	ASM2963581v1		GCA_029635815.1	identical	https://ftp.ncbi.nlm.nih.gov/genomes/all/GCF/029/635/815/GCF_029635815.1_ASM2963581v1	./Raoultella/GCF_029635815.1_ASM2963581v1_genomic.fna.gz
GCF_033870315.1	PRJNA224116	SAMN38256646	na	na	na	na	575	575	Raoultella planticola	strain=208355	na	latest	Complete Genome	Major	Full	2023-11-21	ASM3387031v1		GCA_033870315.1	identical	https://ftp.ncbi.nlm.nih.gov/genomes/all/GCF/033/870/315/GCF_033870315.1_ASM3387031v1	./Raoultella/GCF_033870315.1_ASM3387031v1_genomic.fna.gz
GCF_039519595.1	PRJNA224116	SAMN41050904	na	na	na	na	575	575	Raoultella planticola	strain=zwx	na	latest	Complete Genome	Major	Full	2024-05-08	ASM3951959v1		GCA_039519595.1	identical	https://ftp.ncbi.nlm.nih.gov/genomes/all/GCF/039/519/595/GCF_039519595.1_ASM3951959v1	./Raoultella/GCF_039519595.1_ASM3951959v1_genomic.fna.gz
GCF_041002795.1	PRJNA224116	SAMN42440417	na	na	na	na	575	575	Raoultella planticola	strain=CXW225	na	latest	Complete Genome	Major	Full	2024-08-03	CXW225		GCA_041002795.1	identical	https://ftp.ncbi.nlm.nih.gov/genomes/all/GCF/041/002/795/GCF_041002795.1_CXW225	./Raoultella/GCF_041002795.1_CXW225_genomic.fna.gz
GCF_041002845.1	PRJNA224116	SAMN42440416	na	na	na	na	575	575	Raoultella planticola	strain=CXW224	na	latest	Complete Genome	Major	Full	2024-08-03	CXW224		GCA_041002845.1	identical	https://ftp.ncbi.nlm.nih.gov/genomes/all/GCF/041/002/845/GCF_041002845.1_CXW224	./Raoultella/GCF_041002845.1_CXW224_genomic.fna.gz
GCF_042945525.1	PRJNA224116	SAMN44063874	na	na	na	na	575	575	Raoultella planticola	strain=2024CK-01508	na	latest	Complete Genome	Major	Full	2025-01-09	2024CK-01508		GCA_042945525.2	identical	https://ftp.ncbi.nlm.nih.gov/genomes/all/GCF/042/945/525/GCF_042945525.1_2024CK-01508	./Raoultella/GCF_042945525.1_2024CK-01508_genomic.fna.gz
GCF_045690375.1	PRJNA224116	SAMN44383891	na	na	na	na	575	575	Raoultella planticola	strain=MFC1	na	latest	Complete Genome	Major	Full	2024-12-06	ASM4569037v1		GCA_045690375.1	identical	https://ftp.ncbi.nlm.nih.gov/genomes/all/GCF/045/690/375/GCF_045690375.1_ASM4569037v1	./Raoultella/GCF_045690375.1_ASM4569037v1_genomic.fna.gz
GCF_045690385.1	PRJNA224116	SAMN44383892	na	na	na	na	575	575	Raoultella planticola	strain=MWC1	na	latest	Complete Genome	Major	Full	2024-12-06	ASM4569038v1		GCA_045690385.1	identical	https://ftp.ncbi.nlm.nih.gov/genomes/all/GCF/045/690/385/GCF_045690385.1_ASM4569038v1	./Raoultella/GCF_045690385.1_ASM4569038v1_genomic.fna.gz
GCF_045690415.1	PRJNA224116	SAMN44383898	na	na	na	na	575	575	Raoultella planticola	strain=PBC1	na	latest	Complete Genome	Major	Full	2024-12-06	ASM4569041v1		GCA_045690415.1	identical	https://ftp.ncbi.nlm.nih.gov/genomes/all/GCF/045/690/415/GCF_045690415.1_ASM4569041v1	./Raoultella/GCF_045690415.1_ASM4569041v1_genomic.fna.gz
GCF_045690425.1	PRJNA224116	SAMN44383899	na	na	na	na	575	575	Raoultella planticola	strain=EBC2	na	latest	Complete Genome	Major	Full	2024-12-06	ASM4569042v1		GCA_045690425.1	identical	https://ftp.ncbi.nlm.nih.gov/genomes/all/GCF/045/690/425/GCF_045690425.1_ASM4569042v1	./Raoultella/GCF_045690425.1_ASM4569042v1_genomic.fna.gz
GCF_046578755.1	PRJNA224116	SAMN44383881	na	na	na	na	575	575	Raoultella planticola	strain=CFC1	na	latest	Complete Genome	Major	Full	2025-01-11	ASM4657875v1		GCA_046578755.1	identical	https://ftp.ncbi.nlm.nih.gov/genomes/all/GCF/046/578/755/GCF_046578755.1_ASM4657875v1	./Raoultella/GCF_046578755.1_ASM4657875v1_genomic.fna.gz
GCF_046580845.1	PRJNA224116	SAMN44383890	na	na	na	na	575	575	Raoultella planticola	strain=LZC2	na	latest	Complete Genome	Major	Full	2025-01-11	ASM4658084v1		GCA_046580845.1	identical	https://ftp.ncbi.nlm.nih.gov/genomes/all/GCF/046/580/845/GCF_046580845.1_ASM4658084v1	./Raoultella/GCF_046580845.1_ASM4658084v1_genomic.fna.gz
GCF_046580955.1	PRJNA224116	SAMN44383889	na	na	na	na	575	575	Raoultella planticola	strain=LZC1	na	latest	Complete Genome	Major	Full	2025-01-11	ASM4658095v1		GCA_046580955.1	identical	https://ftp.ncbi.nlm.nih.gov/genomes/all/GCF/046/580/955/GCF_046580955.1_ASM4658095v1	./Raoultella/GCF_046580955.1_ASM4658095v1_genomic.fna.gz
GCF_046580965.1	PRJNA224116	SAMN44383888	na	na	na	na	575	575	Raoultella planticola	strain=FTC2	na	latest	Complete Genome	Major	Full	2025-01-11	ASM4658096v1		GCA_046580965.1	identical	https://ftp.ncbi.nlm.nih.gov/genomes/all/GCF/046/580/965/GCF_046580965.1_ASM4658096v1	./Raoultella/GCF_046580965.1_ASM4658096v1_genomic.fna.gz
GCF_012029655.1	PRJNA224116	SAMN14446261	na	na	reference genome	na	577	577	Raoultella terrigena	strain=JH01	na	latest	Complete Genome	Major	Full	2020-04-04	ASM1202965v1		GCA_012029655.1	identical	https://ftp.ncbi.nlm.nih.gov/genomes/all/GCF/012/029/655/GCF_012029655.1_ASM1202965v1	./Raoultella/GCF_012029655.1_ASM1202965v1_genomic.fna.gz
GCF_015571975.1	PRJNA224116	SAMN16304043	na	na	na	na	577	577	Raoultella terrigena	strain=Res13-Abat-PEB01-P1-04-A	na	latest	Complete Genome	Major	Full	2020-11-18	ASM1557197v1		GCA_015571975.1	identical	https://ftp.ncbi.nlm.nih.gov/genomes/all/GCF/015/571/975/GCF_015571975.1_ASM1557197v1	./Raoultella/GCF_015571975.1_ASM1557197v1_genomic.fna.gz
GCF_030389145.1	PRJNA224116	SAMN35711604	na	na	na	na	577	577	Raoultella terrigena	strain=NXT28	na	latest	Complete Genome	Major	Full	2023-07-03	ASM3038914v1		GCA_030389145.1	identical	https://ftp.ncbi.nlm.nih.gov/genomes/all/GCF/030/389/145/GCF_030389145.1_ASM3038914v1	./Raoultella/GCF_030389145.1_ASM3038914v1_genomic.fna.gz
GCF_045290325.1	PRJNA224116	SAMN39905150	na	na	na	na	577	577	Raoultella terrigena	strain=RT01-5M1	na	latest	Complete Genome	Major	Full	2024-11-26	ASM4529032v1		GCA_045290325.1	identical	https://ftp.ncbi.nlm.nih.gov/genomes/all/GCF/045/290/325/GCF_045290325.1_ASM4529032v1	./Raoultella/GCF_045290325.1_ASM4529032v1_genomic.fna.gz
GCF_902109485.1	PRJNA224116	SAMEA3468856	na	na	na	na	577	577	Raoultella terrigena	strain=NCTC9189	na	latest	Complete Genome	Major	Full	2019-06-18	39888_D01		GCA_902109485.1	identical	https://ftp.ncbi.nlm.nih.gov/genomes/all/GCF/902/109/485/GCF_902109485.1_39888_D01	./Raoultella/GCF_902109485.1_39888_D01_genomic.fna.gz
GCF_000829965.1	PRJNA224116	SAMN03290669	na	na	na	na	54291	54291	Raoultella ornithinolytica	strain=S12	na	latest	Complete Genome	Major	Full	2015-01-29	ASM82996v1		GCA_000829965.1	identical	https://ftp.ncbi.nlm.nih.gov/genomes/all/GCF/000/829/965/GCF_000829965.1_ASM82996v1	./Raoultella/GCF_000829965.1_ASM82996v1_genomic.fna.gz
GCF_001455225.1	PRJNA224116	SAMN04296987	na	na	na	na	54291	54291	Raoultella ornithinolytica	strain=Yangling I2	na	latest	Complete Genome	Major	Full	2015-12-02	ASM145522v1		GCA_001455225.1	identical	https://ftp.ncbi.nlm.nih.gov/genomes/all/GCF/001/455/225/GCF_001455225.1_ASM145522v1	./Raoultella/GCF_001455225.1_ASM145522v1_genomic.fna.gz
GCF_001700855.1	PRJNA224116	SAMN02900755	na	na	na	na	54291	54291	Raoultella ornithinolytica	strain=A14	na	latest	Complete Genome	Major	Full	2016-08-09	ASM170085v1		GCA_001700855.1	identical	https://ftp.ncbi.nlm.nih.gov/genomes/all/GCF/001/700/855/GCF_001700855.1_ASM170085v1	./Raoultella/GCF_001700855.1_ASM170085v1_genomic.fna.gz
GCF_001866535.2	PRJNA224116	SAMN05938422	na	na	na	na	54291	54291	Raoultella ornithinolytica	strain=MG	MG01	latest	Complete Genome	Major	Full	2018-11-27	ASM186653v2		GCA_001866535.2	identical	https://ftp.ncbi.nlm.nih.gov/genomes/all/GCF/001/866/535/GCF_001866535.2_ASM186653v2	./Raoultella/GCF_001866535.2_ASM186653v2_genomic.fna.gz
GCF_002214825.1	PRJNA224116	SAMN06909736	na	na	na	na	54291	54291	Raoultella ornithinolytica	strain=Ro24724	na	latest	Complete Genome	Major	Full	2017-07-05	ASM221482v1		GCA_002214825.1	identical	https://ftp.ncbi.nlm.nih.gov/genomes/all/GCF/002/214/825/GCF_002214825.1_ASM221482v1	./Raoultella/GCF_002214825.1_ASM221482v1_genomic.fna.gz
GCF_005165545.1	PRJNA224116	SAMN11254543	na	na	na	na	54291	54291	Raoultella ornithinolytica	strain=WLK218	na	latest	Complete Genome	Major	Full	2019-05-06	ASM516554v1		GCA_005165545.1	identical	https://ftp.ncbi.nlm.nih.gov/genomes/all/GCF/005/165/545/GCF_005165545.1_ASM516554v1	./Raoultella/GCF_005165545.1_ASM516554v1_genomic.fna.gz
GCF_010365445.1	PRJNA224116	SAMN13951919	na	na	na	na	54291	54291	Raoultella ornithinolytica	strain=23	na	latest	Complete Genome	Major	Full	2020-02-09	ASM1036544v1		GCA_010365445.1	identical	https://ftp.ncbi.nlm.nih.gov/genomes/all/GCF/010/365/445/GCF_010365445.1_ASM1036544v1	./Raoultella/GCF_010365445.1_ASM1036544v1_genomic.fna.gz
GCF_011149255.1	PRJNA224116	SAMN14258453	na	na	na	na	54291	54291	Raoultella ornithinolytica	strain=WM1	na	latest	Complete Genome	Major	Full	2020-03-11	ASM1114925v1		GCA_011149255.1	identical	https://ftp.ncbi.nlm.nih.gov/genomes/all/GCF/011/149/255/GCF_011149255.1_ASM1114925v1	./Raoultella/GCF_011149255.1_ASM1114925v1_genomic.fna.gz
GCF_013425975.1	PRJNA224116	SAMN15425329	na	na	na	na	54291	54291	Raoultella ornithinolytica	strain=DSM 16926	na	latest	Complete Genome	Major	Full	2020-07-20	ASM1342597v1		GCA_013425975.1	identical	https://ftp.ncbi.nlm.nih.gov/genomes/all/GCF/013/425/975/GCF_013425975.1_ASM1342597v1	./Raoultella/GCF_013425975.1_ASM1342597v1_genomic.fna.gz
GCF_013457615.1	PRJNA224116	SAMN13520756	na	na	na	na	54291	54291	Raoultella ornithinolytica	strain=193104922	na	latest	Complete Genome	Major	Full	2020-07-22	ASM1345761v1		GCA_013457615.1	identical	https://ftp.ncbi.nlm.nih.gov/genomes/all/GCF/013/457/615/GCF_013457615.1_ASM1345761v1	./Raoultella/GCF_013457615.1_ASM1345761v1_genomic.fna.gz
GCF_013457875.1	PRJNA224116	SAMN13520757	na	na	na	na	54291	54291	Raoultella ornithinolytica	strain=172117885	na	latest	Complete Genome	Major	Full	2020-07-22	ASM1345787v1		GCA_013457875.1	identical	https://ftp.ncbi.nlm.nih.gov/genomes/all/GCF/013/457/875/GCF_013457875.1_ASM1345787v1	./Raoultella/GCF_013457875.1_ASM1345787v1_genomic.fna.gz
GCF_014170855.1	PRJNA224116	SAMD00194412	na	na	na	na	54291	54291	Raoultella ornithinolytica	strain=WP3-W18-ESBL-06	na	latest	Complete Genome	Major	Full	2020-07-21	ASM1417085v1		GCA_014170855.1	identical	https://ftp.ncbi.nlm.nih.gov/genomes/all/GCF/014/170/855/GCF_014170855.1_ASM1417085v1	./Raoultella/GCF_014170855.1_ASM1417085v1_genomic.fna.gz
GCF_014171135.1	PRJNA224116	SAMD00194637	na	na	na	na	54291	54291	Raoultella ornithinolytica	strain=WP8-W19-CRE-01	na	latest	Complete Genome	Major	Full	2020-07-21	ASM1417113v1		GCA_014171135.1	identical	https://ftp.ncbi.nlm.nih.gov/genomes/all/GCF/014/171/135/GCF_014171135.1_ASM1417113v1	./Raoultella/GCF_014171135.1_ASM1417113v1_genomic.fna.gz
GCF_016653655.1	PRJNA224116	SAMN17255686	na	na	na	na	54291	54291	Raoultella ornithinolytica	strain=TET32	na	latest	Complete Genome	Major	Full	2021-01-17	ASM1665365v1		GCA_016653655.1	identical	https://ftp.ncbi.nlm.nih.gov/genomes/all/GCF/016/653/655/GCF_016653655.1_ASM1665365v1	./Raoultella/GCF_016653655.1_ASM1665365v1_genomic.fna.gz
GCF_018966505.1	PRJNA224116	SAMN19652012	na	na	na	na	54291	54291	Raoultella ornithinolytica	strain=XF201	na	latest	Complete Genome	Major	Full	2021-06-19	ASM1896650v1		GCA_018966505.1	identical	https://ftp.ncbi.nlm.nih.gov/genomes/all/GCF/018/966/505/GCF_018966505.1_ASM1896650v1	./Raoultella/GCF_018966505.1_ASM1896650v1_genomic.fna.gz
GCF_019334445.1	PRJNA224116	SAMN20179302	na	na	na	na	54291	54291	Raoultella ornithinolytica	strain=NY1	na	latest	Complete Genome	Major	Full	2021-07-25	ASM1933444v1		GCA_019334445.1	identical	https://ftp.ncbi.nlm.nih.gov/genomes/all/GCF/019/334/445/GCF_019334445.1_ASM1933444v1	./Raoultella/GCF_019334445.1_ASM1933444v1_genomic.fna.gz
GCF_019973635.1	PRJNA224116	SAMD00396920	na	na	na	na	54291	54291	Raoultella ornithinolytica	strain=NUITM-VR1	na	latest	Complete Genome	Major	Full	2021-08-14	ASM1997363v1		GCA_019973635.1	identical	https://ftp.ncbi.nlm.nih.gov/genomes/all/GCF/019/973/635/GCF_019973635.1_ASM1997363v1	./Raoultella/GCF_019973635.1_ASM1997363v1_genomic.fna.gz
GCF_021496525.1	PRJNA224116	SAMN15079954	na	na	na	na	54291	54291	Raoultella ornithinolytica	strain=OHMEATKPC2_NDM5	na	latest	Complete Genome	Major	Full	2022-01-18	ASM2149652v1		GCA_021496525.1	identical	https://ftp.ncbi.nlm.nih.gov/genomes/all/GCF/021/496/525/GCF_021496525.1_ASM2149652v1	./Raoultella/GCF_021496525.1_ASM2149652v1_genomic.fna.gz
GCF_022354265.1	PRJNA224116	SAMN13925531	na	na	na	na	54291	54291	Raoultella ornithinolytica	strain=STEFF_15	na	latest	Complete Genome	Major	Full	2022-02-22	ASM2235426v1		GCA_022354265.1	identical	https://ftp.ncbi.nlm.nih.gov/genomes/all/GCF/022/354/265/GCF_022354265.1_ASM2235426v1	./Raoultella/GCF_022354265.1_ASM2235426v1_genomic.fna.gz
GCF_025349945.1	PRJNA224116	SAMN30696136	na	na	na	na	54291	54291	Raoultella ornithinolytica	strain=MQB_Silv_108	na	latest	Complete Genome	Major	Full	2022-09-21	ASM2534994v1		GCA_025349945.1	identical	https://ftp.ncbi.nlm.nih.gov/genomes/all/GCF/025/349/945/GCF_025349945.1_ASM2534994v1	./Raoultella/GCF_025349945.1_ASM2534994v1_genomic.fna.gz
GCF_027945845.1	PRJNA224116	SAMD00168436	na	na	na	na	54291	54291	Raoultella ornithinolytica	strain=GSH0205-8M-1	na	latest	Complete Genome	Major	Full	2022-12-21	ASM2794584v1		GCA_027945845.1	identical	https://ftp.ncbi.nlm.nih.gov/genomes/all/GCF/027/945/845/GCF_027945845.1_ASM2794584v1	./Raoultella/GCF_027945845.1_ASM2794584v1_genomic.fna.gz
GCF_030062535.1	PRJNA224116	SAMN11164559	na	na	na	na	54291	54291	Raoultella ornithinolytica	strain=2015ndm	na	latest	Complete Genome	Major	Full	2023-05-22	ASM3006253v1		GCA_030062535.1	identical	https://ftp.ncbi.nlm.nih.gov/genomes/all/GCF/030/062/535/GCF_030062535.1_ASM3006253v1	./Raoultella/GCF_030062535.1_ASM3006253v1_genomic.fna.gz
GCF_030505655.1	PRJNA224116	SAMN36415118	na	na	reference genome	na	54291	54291	Raoultella ornithinolytica	strain=RoM27LC23	na	latest	Complete Genome	Major	Full	2023-07-19	ASM3050565v1		GCA_030505655.1	identical	https://ftp.ncbi.nlm.nih.gov/genomes/all/GCF/030/505/655/GCF_030505655.1_ASM3050565v1	./Raoultella/GCF_030505655.1_ASM3050565v1_genomic.fna.gz
GCF_030717685.1	PRJNA224116	SAMN36757208	na	na	na	na	54291	54291	Raoultella ornithinolytica	strain=B1645-1B	na	latest	Complete Genome	Major	Full	2023-08-13	ASM3071768v1		GCA_030717685.1	identical	https://ftp.ncbi.nlm.nih.gov/genomes/all/GCF/030/717/685/GCF_030717685.1_ASM3071768v1	./Raoultella/GCF_030717685.1_ASM3071768v1_genomic.fna.gz
GCF_033870295.1	PRJNA224116	SAMN38256471	na	na	na	na	54291	54291	Raoultella ornithinolytica	strain=602815	na	latest	Complete Genome	Major	Full	2023-11-21	ASM3387029v1		GCA_033870295.1	identical	https://ftp.ncbi.nlm.nih.gov/genomes/all/GCF/033/870/295/GCF_033870295.1_ASM3387029v1	./Raoultella/GCF_033870295.1_ASM3387029v1_genomic.fna.gz
GCF_034043555.1	PRJNA224116	SAMN38256365	na	na	na	na	54291	54291	Raoultella ornithinolytica	strain=24150	na	latest	Complete Genome	Major	Full	2023-12-02	ASM3404355v1		GCA_034043555.1	identical	https://ftp.ncbi.nlm.nih.gov/genomes/all/GCF/034/043/555/GCF_034043555.1_ASM3404355v1	./Raoultella/GCF_034043555.1_ASM3404355v1_genomic.fna.gz
GCF_036786065.1	PRJNA224116	SAMN22837213	na	na	na	na	54291	54291	Raoultella ornithinolytica	strain=CAVp363	na	latest	Complete Genome	Major	Full	2024-04-05	ASM3678606v1		GCA_036786065.1	identical	https://ftp.ncbi.nlm.nih.gov/genomes/all/GCF/036/786/065/GCF_036786065.1_ASM3678606v1	./Raoultella/GCF_036786065.1_ASM3678606v1_genomic.fna.gz
GCF_036786095.1	PRJNA224116	SAMN22875523	na	na	na	na	54291	54291	Raoultella ornithinolytica	strain=CAV1921	na	latest	Complete Genome	Major	Full	2024-04-05	ASM3678609v1		GCA_036786095.1	identical	https://ftp.ncbi.nlm.nih.gov/genomes/all/GCF/036/786/095/GCF_036786095.1_ASM3678609v1	./Raoultella/GCF_036786095.1_ASM3678609v1_genomic.fna.gz
GCF_036789295.1	PRJNA224116	SAMN22875531	na	na	na	na	54291	54291	Raoultella ornithinolytica	strain=CAV1817	na	latest	Complete Genome	Major	Full	2024-04-05	ASM3678929v1		GCA_036789295.1	identical	https://ftp.ncbi.nlm.nih.gov/genomes/all/GCF/036/789/295/GCF_036789295.1_ASM3678929v1	./Raoultella/GCF_036789295.1_ASM3678929v1_genomic.fna.gz
GCF_036791365.1	PRJNA224116	SAMN22875475	na	na	na	na	54291	54291	Raoultella ornithinolytica	strain=CAV1958	na	latest	Complete Genome	Major	Full	2024-04-05	ASM3679136v1		GCA_036791365.1	identical	https://ftp.ncbi.nlm.nih.gov/genomes/all/GCF/036/791/365/GCF_036791365.1_ASM3679136v1	./Raoultella/GCF_036791365.1_ASM3679136v1_genomic.fna.gz
GCF_037081915.1	PRJNA224116	SAMN40199723	na	na	na	na	54291	54291	Raoultella ornithinolytica	strain=B3.H1.26	na	latest	Complete Genome	Major	Full	2024-04-05	ASM3708191v1		GCA_037081915.1	identical	https://ftp.ncbi.nlm.nih.gov/genomes/all/GCF/037/081/915/GCF_037081915.1_ASM3708191v1	./Raoultella/GCF_037081915.1_ASM3708191v1_genomic.fna.gz
GCF_038380145.1	PRJNA224116	SAMN38258759	na	na	na	na	54291	54291	Raoultella ornithinolytica	strain=he2023	na	latest	Complete Genome	Major	Full	2024-04-20	ASM3838014v1		GCA_038380145.1	identical	https://ftp.ncbi.nlm.nih.gov/genomes/all/GCF/038/380/145/GCF_038380145.1_ASM3838014v1	./Raoultella/GCF_038380145.1_ASM3838014v1_genomic.fna.gz
GCF_041002895.1	PRJNA224116	SAMN42440415	na	na	na	na	54291	54291	Raoultella ornithinolytica	strain=CXW222	na	latest	Complete Genome	Major	Full	2025-02-22	CXW222		GCA_041002895.1	identical	https://ftp.ncbi.nlm.nih.gov/genomes/all/GCF/041/002/895/GCF_041002895.1_CXW222	./Raoultella/GCF_041002895.1_CXW222_genomic.fna.gz
GCF_041725675.1	PRJNA224116	SAMN43359353	na	na	na	na	54291	54291	Raoultella ornithinolytica	na	SECR20-0777	latest	Complete Genome	Major	Full	2024-09-04	ASM4172567v1		GCA_041725675.1	identical	https://ftp.ncbi.nlm.nih.gov/genomes/all/GCF/041/725/675/GCF_041725675.1_ASM4172567v1	./Raoultella/GCF_041725675.1_ASM4172567v1_genomic.fna.gz
GCF_041725755.1	PRJNA224116	SAMN43359352	na	na	na	na	54291	54291	Raoultella ornithinolytica	na	SECR20-0334	latest	Complete Genome	Major	Full	2024-09-04	ASM4172575v1		GCA_041725755.1	identical	https://ftp.ncbi.nlm.nih.gov/genomes/all/GCF/041/725/755/GCF_041725755.1_ASM4172575v1	./Raoultella/GCF_041725755.1_ASM4172575v1_genomic.fna.gz
GCF_043508675.1	PRJNA224116	SAMN33298162	na	na	na	na	54291	54291	Raoultella ornithinolytica	strain=YZSHE171	na	latest	Complete Genome	Major	Full	2024-10-24	ASM4350867v1		GCA_043508675.1	identical	https://ftp.ncbi.nlm.nih.gov/genomes/all/GCF/043/508/675/GCF_043508675.1_ASM4350867v1	./Raoultella/GCF_043508675.1_ASM4350867v1_genomic.fna.gz
GCF_043509305.1	PRJNA224116	SAMN33298165	na	na	na	na	54291	54291	Raoultella ornithinolytica	strain=YZSHE173	na	latest	Complete Genome	Major	Full	2024-10-24	ASM4350930v1		GCA_043509305.1	identical	https://ftp.ncbi.nlm.nih.gov/genomes/all/GCF/043/509/305/GCF_043509305.1_ASM4350930v1	./Raoultella/GCF_043509305.1_ASM4350930v1_genomic.fna.gz
GCF_045348735.1	PRJNA224116	SAMN42392498	na	na	na	na	54291	54291	Raoultella ornithinolytica	strain=STS50-E	na	latest	Complete Genome	Major	Full	2024-11-27	ASM4534873v1		GCA_045348735.1	identical	https://ftp.ncbi.nlm.nih.gov/genomes/all/GCF/045/348/735/GCF_045348735.1_ASM4534873v1	./Raoultella/GCF_045348735.1_ASM4534873v1_genomic.fna.gz
GCF_045674925.1	PRJNA224116	SAMN33879807	na	na	na	na	54291	54291	Raoultella ornithinolytica	strain=GY22PK019	na	latest	Complete Genome	Major	Full	2024-12-06	ASM4567492v1		GCA_045674925.1	identical	https://ftp.ncbi.nlm.nih.gov/genomes/all/GCF/045/674/925/GCF_045674925.1_ASM4567492v1	./Raoultella/GCF_045674925.1_ASM4567492v1_genomic.fna.gz
GCF_045674935.1	PRJNA224116	SAMN33879836	na	na	na	na	54291	54291	Raoultella ornithinolytica	strain=GY22PK021	na	latest	Complete Genome	Major	Full	2024-12-06	ASM4567493v1		GCA_045674935.1	identical	https://ftp.ncbi.nlm.nih.gov/genomes/all/GCF/045/674/935/GCF_045674935.1_ASM4567493v1	./Raoultella/GCF_045674935.1_ASM4567493v1_genomic.fna.gz
GCF_045675685.1	PRJNA224116	SAMN33885932	na	na	na	na	54291	54291	Raoultella ornithinolytica	strain=GY22PK022	na	latest	Complete Genome	Major	Full	2024-12-06	ASM4567568v1		GCA_045675685.1	identical	https://ftp.ncbi.nlm.nih.gov/genomes/all/GCF/045/675/685/GCF_045675685.1_ASM4567568v1	./Raoultella/GCF_045675685.1_ASM4567568v1_genomic.fna.gz
GCF_045675695.1	PRJNA224116	SAMN33900145	na	na	na	na	54291	54291	Raoultella ornithinolytica	strain=GY22PK023	na	latest	Complete Genome	Major	Full	2024-12-06	ASM4567569v1		GCA_045675695.1	identical	https://ftp.ncbi.nlm.nih.gov/genomes/all/GCF/045/675/695/GCF_045675695.1_ASM4567569v1	./Raoultella/GCF_045675695.1_ASM4567569v1_genomic.fna.gz
GCF_045690405.1	PRJNA224116	SAMN44383897	na	na	na	na	54291	54291	Raoultella ornithinolytica	strain=WSC3	na	latest	Complete Genome	Major	Full	2024-12-06	ASM4569040v1		GCA_045690405.1	identical	https://ftp.ncbi.nlm.nih.gov/genomes/all/GCF/045/690/405/GCF_045690405.1_ASM4569040v1	./Raoultella/GCF_045690405.1_ASM4569040v1_genomic.fna.gz
GCF_046115475.1	PRJNA224116	SAMN34144122	na	na	na	na	54291	54291	Raoultella ornithinolytica	strain=MF1	na	latest	Complete Genome	Major	Full	2024-12-18	ASM4611547v1		GCA_046115475.1	identical	https://ftp.ncbi.nlm.nih.gov/genomes/all/GCF/046/115/475/GCF_046115475.1_ASM4611547v1	./Raoultella/GCF_046115475.1_ASM4611547v1_genomic.fna.gz
GCF_046578775.1	PRJNA224116	SAMN44383879	na	na	na	na	54291	54291	Raoultella ornithinolytica	strain=BBC1	na	latest	Complete Genome	Major	Full	2025-01-11	ASM4657877v1		GCA_046578775.1	identical	https://ftp.ncbi.nlm.nih.gov/genomes/all/GCF/046/578/775/GCF_046578775.1_ASM4657877v1	./Raoultella/GCF_046578775.1_ASM4657877v1_genomic.fna.gz
GCF_047782805.1	PRJNA224116	SAMN46550957	na	na	na	na	54291	54291	Raoultella ornithinolytica	strain=SAAS08	na	latest	Complete Genome	Major	Full	2025-02-17	Raoultella ornithinolytica SAAS08		GCA_047782805.1	identical	https://ftp.ncbi.nlm.nih.gov/genomes/all/GCF/047/782/805/GCF_047782805.1_Raoultella_ornithinolytica_SAAS08	./Raoultella/GCF_047782805.1_Raoultella_ornithinolytica_SAAS08_genomic.fna.gz
GCF_900635915.1	PRJNA224116	SAMEA3251450	na	na	na	na	54291	54291	Raoultella ornithinolytica	strain=NCTC13096	na	latest	Complete Genome	Major	Full	2018-12-20	36340_F01		GCA_900635915.1	identical	https://ftp.ncbi.nlm.nih.gov/genomes/all/GCF/900/635/915/GCF_900635915.1_36340_F01	./Raoultella/GCF_900635915.1_36340_F01_genomic.fna.gz
GCF_905219255.2	PRJNA224116	SAMEA7853279	na	na	na	na	54291	54291	Raoultella ornithinolytica	na	0	latest	Complete Genome	Major	Full	2022-05-22	AI2711v1_cp		GCA_905219255.2	identical	https://ftp.ncbi.nlm.nih.gov/genomes/all/GCF/905/219/255/GCF_905219255.2_AI2711v1_cp	./Raoultella/GCF_905219255.2_AI2711v1_cp_genomic.fna.gz
GCF_000367425.1	PRJNA224116	SAMN02603584	na	na	na	na	1286170	54291	Raoultella ornithinolytica B6	strain=B6	na	latest	Complete Genome	Major	Full	2013-04-18	ASM36742v1		GCA_000367425.1	identical	https://ftp.ncbi.nlm.nih.gov/genomes/all/GCF/000/367/425/GCF_000367425.1_ASM36742v1	./Raoultella/GCF_000367425.1_ASM36742v1_genomic.fna.gz
GCF_003323835.1	PRJNA224116	SAMN09580335	na	na	na	na	2259647	2259647	Raoultella sp. X13	strain=X13	na	latest	Complete Genome	Major	Full	2018-07-16	ASM332383v1		GCA_003323835.1	identical	https://ftp.ncbi.nlm.nih.gov/genomes/all/GCF/003/323/835/GCF_003323835.1_ASM332383v1	./Raoultella/GCF_003323835.1_ASM332383v1_genomic.fna.gz
GCF_016599735.1	PRJNA224116	SAMN17152111	na	na	na	na	2799495	2799495	Raoultella sp. XY-1	strain=XY-1	na	latest	Complete Genome	Major	Full	2021-01-11	ASM1659973v1		GCA_016599735.1	identical	https://ftp.ncbi.nlm.nih.gov/genomes/all/GCF/016/599/735/GCF_016599735.1_ASM1659973v1	./Raoultella/GCF_016599735.1_ASM1659973v1_genomic.fna.gz
GCF_022605325.1	PRJNA224116	SAMN26445370	na	na	na	na	2923366	2923366	Raoultella sp. HC6	strain=HC6	na	latest	Complete Genome	Major	Full	2022-03-17	ASM2260532v1		GCA_022605325.1	identical	https://ftp.ncbi.nlm.nih.gov/genomes/all/GCF/022/605/325/GCF_022605325.1_ASM2260532v1	./Raoultella/GCF_022605325.1_ASM2260532v1_genomic.fna.gz
GCF_026314315.1	PRJNA224116	SAMN31667776	na	na	na	na	2993656	2993656	Raoultella sp. DY2415	strain=DY2415	na	latest	Complete Genome	Major	Full	2022-11-23	ASM2631431v1		GCA_026314315.1	identical	https://ftp.ncbi.nlm.nih.gov/genomes/all/GCF/026/314/315/GCF_026314315.1_ASM2631431v1	./Raoultella/GCF_026314315.1_ASM2631431v1_genomic.fna.gz
